Categories,MCC
Airlines,3000
Airlines,3001
Airlines,3002
Airlines,3003
Airlines,3004
Airlines,3005
Airlines,3006
Airlines,3007
Airlines,3008
Airlines,3009
Airlines,3010
Airlines,3011
Airlines,3012
Airlines,3013
Airlines,3014
Airlines,3015
Airlines,3016
Airlines,3017
Airlines,3018
Airlines,3019
Airlines,3020
Airlines,3021
Airlines,3022
Airlines,3023
Airlines,3024
Airlines,3025
Airlines,3026
Airlines,3027
Airlines,3028
Airlines,3029
Airlines,3030
Airlines,3031
Airlines,3032
Airlines,3033
Airlines,3034
Airlines,3035
Airlines,3036
Airlines,3037
Airlines,3038
Airlines,3039
Airlines,3040
Airlines,3041
Airlines,3042
Airlines,3043
Airlines,3044
Airlines,3045
Airlines,3046
Airlines,3047
Airlines,3048
Airlines,3049
Airlines,3050
Airlines,3051
Airlines,3052
Airlines,3053
Airlines,3054
Airlines,3055
Airlines,3056
Airlines,3057
Airlines,3058
Airlines,3059
Airlines,3060
Airlines,3061
Airlines,3062
Airlines,3063
Airlines,3064
Airlines,3065
Airlines,3066
Airlines,3067
Airlines,3068
Airlines,3069
Airlines,3070
Airlines,3071
Airlines,3072
Airlines,3073
Airlines,3074
Airlines,3075
Airlines,3076
Airlines,3077
Airlines,3078
Airlines,3079
Airlines,3080
Airlines,3081
Airlines,3082
Airlines,3083
Airlines,3084
Airlines,3085
Airlines,3086
Airlines,3087
Airlines,3088
Airlines,3089
Airlines,3090
Airlines,3091
Airlines,3092
Airlines,3093
Airlines,3094
Airlines,3095
Airlines,3096
Airlines,3097
Airlines,3098
Airlines,3099
Airlines,3100
Airlines,3101
Airlines,3102
Airlines,3103
Airlines,3104
Airlines,3105
Airlines,3106
Airlines,3107
Airlines,3108
Airlines,3109
Airlines,3110
Airlines,3111
Airlines,3112
Airlines,3113
Airlines,3114
Airlines,3115
Airlines,3116
Airlines,3117
Airlines,3118
Airlines,3119
Airlines,3120
Airlines,3121
Airlines,3122
Airlines,3123
Airlines,3124
Airlines,3125
Airlines,3126
Airlines,3127
Airlines,3128
Airlines,3129
Airlines,3130
Airlines,3131
Airlines,3132
Airlines,3133
Airlines,3134
Airlines,3135
Airlines,3136
Airlines,3137
Airlines,3138
Airlines,3139
Airlines,3140
Airlines,3141
Airlines,3142
Airlines,3143
Airlines,3144
Airlines,3145
Airlines,3146
Airlines,3147
Airlines,3148
Airlines,3149
Airlines,3150
Airlines,3151
Airlines,3152
Airlines,3153
Airlines,3154
Airlines,3155
Airlines,3156
Airlines,3157
Airlines,3158
Airlines,3159
Airlines,3160
Airlines,3161
Airlines,3162
Airlines,3163
Airlines,3164
Airlines,3165
Airlines,3166
Airlines,3167
Airlines,3168
Airlines,3169
Airlines,3170
Airlines,3171
Airlines,3172
Airlines,3173
Airlines,3174
Airlines,3175
Airlines,3176
Airlines,3177
Airlines,3178
Airlines,3179
Airlines,3180
Airlines,3181
Airlines,3182
Airlines,3183
Airlines,3184
Airlines,3185
Airlines,3186
Airlines,3187
Airlines,3188
Airlines,3189
Airlines,3190
Airlines,3191
Airlines,3192
Airlines,3193
Airlines,3194
Airlines,3195
Airlines,3196
Airlines,3197
Airlines,3198
Airlines,3199
Airlines,3200
Airlines,3201
Airlines,3202
Airlines,3203
Airlines,3204
Airlines,3205
Airlines,3206
Airlines,3207
Airlines,3208
Airlines,3209
Airlines,3210
Airlines,3211
Airlines,3212
Airlines,3213
Airlines,3214
Airlines,3215
Airlines,3216
Airlines,3217
Airlines,3218
Airlines,3219
Airlines,3220
Airlines,3221
Airlines,3222
Airlines,3223
Airlines,3224
Airlines,3225
Airlines,3226
Airlines,3227
Airlines,3228
Airlines,3229
Airlines,3230
Airlines,3231
Airlines,3232
Airlines,3233
Airlines,3234
Airlines,3235
Airlines,3236
Airlines,3237
Airlines,3238
Airlines,3239
Airlines,3240
Airlines,3241
Airlines,3242
Airlines,3243
Airlines,3244
Airlines,3245
Airlines,3246
Airlines,3247
Airlines,3248
Airlines,3249
Airlines,3250
Airlines,3251
Airlines,3252
Airlines,3253
Airlines,3254
Airlines,3255
Airlines,3256
Airlines,3257
Airlines,3258
Airlines,3259
Airlines,3260
Airlines,3261
Airlines,3262
Airlines,3263
Airlines,3264
Airlines,3265
Airlines,3266
Airlines,3267
Airlines,3268
Airlines,3269
Airlines,3270
Airlines,3271
Airlines,3272
Airlines,3273
Airlines,3274
Airlines,3275
Airlines,3276
Airlines,3277
Airlines,3278
Airlines,3279
Airlines,3280
Airlines,3281
Airlines,3282
Airlines,3283
Airlines,3284
Airlines,3285
Airlines,3286
Airlines,3287
Airlines,3288
Airlines,3289
Airlines,3290
Airlines,3291
Airlines,3292
Airlines,3293
Airlines,3294
Airlines,3295
Airlines,3296
Airlines,3297
Airlines,3298
Airlines,3299
Amusement and Entertainment,7800
Amusement and Entertainment,7801
Amusement and Entertainment,7802
Amusement and Entertainment,7832
Amusement and Entertainment,7841
Amusement and Entertainment,7911
Amusement and Entertainment,7922
Amusement and Entertainment,7929
Amusement and Entertainment,7932
Amusement and Entertainment,7933
Amusement and Entertainment,7941
Amusement and Entertainment,7991
Amusement and Entertainment,7992
Amusement and Entertainment,7993
Amusement and Entertainment,7994
Amusement and Entertainment,7995
Amusement and Entertainment,7996
Amusement and Entertainment,7997
Amusement and Entertainment,7998
Amusement and Entertainment,7999
Amusement and Entertainment,9406
Automobile/Vehicle Rentals,3351
Automobile/Vehicle Rentals,3352
Automobile/Vehicle Rentals,3353
Automobile/Vehicle Rentals,3354
Automobile/Vehicle Rentals,3355
Automobile/Vehicle Rentals,3356
Automobile/Vehicle Rentals,3357
Automobile/Vehicle Rentals,3358
Automobile/Vehicle Rentals,3359
Automobile/Vehicle Rentals,3360
Automobile/Vehicle Rentals,3361
Automobile/Vehicle Rentals,3362
Automobile/Vehicle Rentals,3363
Automobile/Vehicle Rentals,3364
Automobile/Vehicle Rentals,3365
Automobile/Vehicle Rentals,3366
Automobile/Vehicle Rentals,3367
Automobile/Vehicle Rentals,3368
Automobile/Vehicle Rentals,3369
Automobile/Vehicle Rentals,3370
Automobile/Vehicle Rentals,3371
Automobile/Vehicle Rentals,3372
Automobile/Vehicle Rentals,3373
Automobile/Vehicle Rentals,3374
Automobile/Vehicle Rentals,3375
Automobile/Vehicle Rentals,3376
Automobile/Vehicle Rentals,3377
Automobile/Vehicle Rentals,3378
Automobile/Vehicle Rentals,3379
Automobile/Vehicle Rentals,3380
Automobile/Vehicle Rentals,3381
Automobile/Vehicle Rentals,3382
Automobile/Vehicle Rentals,3383
Automobile/Vehicle Rentals,3384
Automobile/Vehicle Rentals,3385
Automobile/Vehicle Rentals,3386
Automobile/Vehicle Rentals,3387
Automobile/Vehicle Rentals,3388
Automobile/Vehicle Rentals,3389
Automobile/Vehicle Rentals,3390
Automobile/Vehicle Rentals,3391
Automobile/Vehicle Rentals,3392
Automobile/Vehicle Rentals,3393
Automobile/Vehicle Rentals,3394
Automobile/Vehicle Rentals,3395
Automobile/Vehicle Rentals,3396
Automobile/Vehicle Rentals,3397
Automobile/Vehicle Rentals,3398
Automobile/Vehicle Rentals,3399
Automobile/Vehicle Rentals,3400
Automobile/Vehicle Rentals,3401
Automobile/Vehicle Rentals,3402
Automobile/Vehicle Rentals,3403
Automobile/Vehicle Rentals,3404
Automobile/Vehicle Rentals,3405
Automobile/Vehicle Rentals,3406
Automobile/Vehicle Rentals,3407
Automobile/Vehicle Rentals,3408
Automobile/Vehicle Rentals,3409
Automobile/Vehicle Rentals,3410
Automobile/Vehicle Rentals,3411
Automobile/Vehicle Rentals,3412
Automobile/Vehicle Rentals,3413
Automobile/Vehicle Rentals,3414
Automobile/Vehicle Rentals,3415
Automobile/Vehicle Rentals,3416
Automobile/Vehicle Rentals,3417
Automobile/Vehicle Rentals,3418
Automobile/Vehicle Rentals,3419
Automobile/Vehicle Rentals,3420
Automobile/Vehicle Rentals,3421
Automobile/Vehicle Rentals,3422
Automobile/Vehicle Rentals,3423
Automobile/Vehicle Rentals,3424
Automobile/Vehicle Rentals,3425
Automobile/Vehicle Rentals,3426
Automobile/Vehicle Rentals,3427
Automobile/Vehicle Rentals,3428
Automobile/Vehicle Rentals,3429
Automobile/Vehicle Rentals,3430
Automobile/Vehicle Rentals,3431
Automobile/Vehicle Rentals,3432
Automobile/Vehicle Rentals,3433
Automobile/Vehicle Rentals,3434
Automobile/Vehicle Rentals,3435
Automobile/Vehicle Rentals,3436
Automobile/Vehicle Rentals,3437
Automobile/Vehicle Rentals,3438
Automobile/Vehicle Rentals,3439
Automobile/Vehicle Rentals,3440
Automobile/Vehicle Rentals,3441
Automobile/Vehicle Rentals,7512
Automobile/Vehicle Rentals,7513
Automobile/Vehicle Rentals,7519
Automobiles and Vehicles,5511
Automobiles and Vehicles,5521
Automobiles and Vehicles,5531
Automobiles and Vehicles,5532
Automobiles and Vehicles,5533
Automobiles and Vehicles,5541
Automobiles and Vehicles,5542
Automobiles and Vehicles,5551
Automobiles and Vehicles,5561
Automobiles and Vehicles,5571
Automobiles and Vehicles,5592
Automobiles and Vehicles,5598
Automobiles and Vehicles,5599
Business Services,7311
Business Services,7321
Business Services,7333
Business Services,7338
Business Services,7339
Business Services,7342
Business Services,7349
Business Services,7361
Business Services,7372
Business Services,7392
Business Services,7393
Business Services,7394
Business Services,7395
Business Services,7399
Business Services,7532
Business Services,7523
Clothing Stores,5611
Clothing Stores,5621
Clothing Stores,5631
Clothing Stores,5641
Clothing Stores,5651
Clothing Stores,5655
Clothing Stores,5661
Clothing Stores,5681
Clothing Stores,5691
Clothing Stores,5697
Clothing Stores,5698
Clothing Stores,5699
Contracted Services,742
Contracted Services,763
Contracted Services,780
Contracted Services,1520
Contracted Services,1711
Contracted Services,1731
Contracted Services,1740
Contracted Services,1750
Contracted Services,1761
Contracted Services,1771
Contracted Services,1799
Government Services,9211
Government Services,9222
Government Services,9223
Government Services,9311
Government Services,9399
Government Services,9402
Government Services,9405
Hotels and Motels,3501
Hotels and Motels,3502
Hotels and Motels,3503
Hotels and Motels,3504
Hotels and Motels,3505
Hotels and Motels,3506
Hotels and Motels,3507
Hotels and Motels,3508
Hotels and Motels,3509
Hotels and Motels,3510
Hotels and Motels,3511
Hotels and Motels,3512
Hotels and Motels,3513
Hotels and Motels,3514
Hotels and Motels,3515
Hotels and Motels,3516
Hotels and Motels,3517
Hotels and Motels,3518
Hotels and Motels,3519
Hotels and Motels,3520
Hotels and Motels,3521
Hotels and Motels,3522
Hotels and Motels,3523
Hotels and Motels,3524
Hotels and Motels,3525
Hotels and Motels,3526
Hotels and Motels,3527
Hotels and Motels,3528
Hotels and Motels,3529
Hotels and Motels,3530
Hotels and Motels,3531
Hotels and Motels,3532
Hotels and Motels,3533
Hotels and Motels,3534
Hotels and Motels,3535
Hotels and Motels,3536
Hotels and Motels,3537
Hotels and Motels,3538
Hotels and Motels,3539
Hotels and Motels,3540
Hotels and Motels,3541
Hotels and Motels,3542
Hotels and Motels,3543
Hotels and Motels,3544
Hotels and Motels,3545
Hotels and Motels,3546
Hotels and Motels,3547
Hotels and Motels,3548
Hotels and Motels,3549
Hotels and Motels,3550
Hotels and Motels,3551
Hotels and Motels,3552
Hotels and Motels,3553
Hotels and Motels,3554
Hotels and Motels,3555
Hotels and Motels,3556
Hotels and Motels,3557
Hotels and Motels,3558
Hotels and Motels,3559
Hotels and Motels,3560
Hotels and Motels,3561
Hotels and Motels,3562
Hotels and Motels,3563
Hotels and Motels,3564
Hotels and Motels,3565
Hotels and Motels,3566
Hotels and Motels,3567
Hotels and Motels,3568
Hotels and Motels,3569
Hotels and Motels,3570
Hotels and Motels,3571
Hotels and Motels,3572
Hotels and Motels,3573
Hotels and Motels,3574
Hotels and Motels,3575
Hotels and Motels,3576
Hotels and Motels,3577
Hotels and Motels,3578
Hotels and Motels,3579
Hotels and Motels,3580
Hotels and Motels,3581
Hotels and Motels,3582
Hotels and Motels,3583
Hotels and Motels,3584
Hotels and Motels,3585
Hotels and Motels,3586
Hotels and Motels,3587
Hotels and Motels,3588
Hotels and Motels,3589
Hotels and Motels,3590
Hotels and Motels,3591
Hotels and Motels,3592
Hotels and Motels,3593
Hotels and Motels,3594
Hotels and Motels,3595
Hotels and Motels,3596
Hotels and Motels,3597
Hotels and Motels,3598
Hotels and Motels,3599
Hotels and Motels,3600
Hotels and Motels,3601
Hotels and Motels,3602
Hotels and Motels,3603
Hotels and Motels,3604
Hotels and Motels,3605
Hotels and Motels,3606
Hotels and Motels,3607
Hotels and Motels,3608
Hotels and Motels,3609
Hotels and Motels,3610
Hotels and Motels,3611
Hotels and Motels,3612
Hotels and Motels,3613
Hotels and Motels,3614
Hotels and Motels,3615
Hotels and Motels,3616
Hotels and Motels,3617
Hotels and Motels,3618
Hotels and Motels,3619
Hotels and Motels,3620
Hotels and Motels,3621
Hotels and Motels,3622
Hotels and Motels,3623
Hotels and Motels,3624
Hotels and Motels,3625
Hotels and Motels,3626
Hotels and Motels,3627
Hotels and Motels,3628
Hotels and Motels,3629
Hotels and Motels,3630
Hotels and Motels,3631
Hotels and Motels,3632
Hotels and Motels,3633
Hotels and Motels,3634
Hotels and Motels,3635
Hotels and Motels,3636
Hotels and Motels,3637
Hotels and Motels,3638
Hotels and Motels,3639
Hotels and Motels,3640
Hotels and Motels,3641
Hotels and Motels,3642
Hotels and Motels,3643
Hotels and Motels,3644
Hotels and Motels,3645
Hotels and Motels,3646
Hotels and Motels,3647
Hotels and Motels,3648
Hotels and Motels,3649
Hotels and Motels,3650
Hotels and Motels,3651
Hotels and Motels,3652
Hotels and Motels,3653
Hotels and Motels,3654
Hotels and Motels,3655
Hotels and Motels,3656
Hotels and Motels,3657
Hotels and Motels,3658
Hotels and Motels,3659
Hotels and Motels,3660
Hotels and Motels,3661
Hotels and Motels,3662
Hotels and Motels,3663
Hotels and Motels,3664
Hotels and Motels,3665
Hotels and Motels,3666
Hotels and Motels,3667
Hotels and Motels,3668
Hotels and Motels,3669
Hotels and Motels,3670
Hotels and Motels,3671
Hotels and Motels,3672
Hotels and Motels,3673
Hotels and Motels,3674
Hotels and Motels,3675
Hotels and Motels,3676
Hotels and Motels,3677
Hotels and Motels,3678
Hotels and Motels,3679
Hotels and Motels,3680
Hotels and Motels,3681
Hotels and Motels,3682
Hotels and Motels,3683
Hotels and Motels,3684
Hotels and Motels,3685
Hotels and Motels,3686
Hotels and Motels,3687
Hotels and Motels,3688
Hotels and Motels,3689
Hotels and Motels,3690
Hotels and Motels,3691
Hotels and Motels,3692
Hotels and Motels,3693
Hotels and Motels,3694
Hotels and Motels,3695
Hotels and Motels,3696
Hotels and Motels,3697
Hotels and Motels,3698
Hotels and Motels,3699
Hotels and Motels,3700
Hotels and Motels,3701
Hotels and Motels,3702
Hotels and Motels,3703
Hotels and Motels,3704
Hotels and Motels,3705
Hotels and Motels,3706
Hotels and Motels,3707
Hotels and Motels,3708
Hotels and Motels,3709
Hotels and Motels,3710
Hotels and Motels,3711
Hotels and Motels,3712
Hotels and Motels,3713
Hotels and Motels,3714
Hotels and Motels,3715
Hotels and Motels,3716
Hotels and Motels,3717
Hotels and Motels,3718
Hotels and Motels,3719
Hotels and Motels,3720
Hotels and Motels,3721
Hotels and Motels,3722
Hotels and Motels,3723
Hotels and Motels,3724
Hotels and Motels,3725
Hotels and Motels,3726
Hotels and Motels,3727
Hotels and Motels,3728
Hotels and Motels,3729
Hotels and Motels,3730
Hotels and Motels,3731
Hotels and Motels,3732
Hotels and Motels,3733
Hotels and Motels,3734
Hotels and Motels,3735
Hotels and Motels,3736
Hotels and Motels,3737
Hotels and Motels,3738
Hotels and Motels,3739
Hotels and Motels,3740
Hotels and Motels,3741
Hotels and Motels,3742
Hotels and Motels,3743
Hotels and Motels,3744
Hotels and Motels,3745
Hotels and Motels,3746
Hotels and Motels,3747
Hotels and Motels,3748
Hotels and Motels,3749
Hotels and Motels,3750
Hotels and Motels,3751
Hotels and Motels,3752
Hotels and Motels,3753
Hotels and Motels,3754
Hotels and Motels,3755
Hotels and Motels,3756
Hotels and Motels,3757
Hotels and Motels,3758
Hotels and Motels,3759
Hotels and Motels,3760
Hotels and Motels,3761
Hotels and Motels,3762
Hotels and Motels,3763
Hotels and Motels,3764
Hotels and Motels,3765
Hotels and Motels,3766
Hotels and Motels,3767
Hotels and Motels,3768
Hotels and Motels,3769
Hotels and Motels,3770
Hotels and Motels,3771
Hotels and Motels,3772
Hotels and Motels,3773
Hotels and Motels,3774
Hotels and Motels,3775
Hotels and Motels,3776
Hotels and Motels,3777
Hotels and Motels,3778
Hotels and Motels,3779
Hotels and Motels,3780
Hotels and Motels,3781
Hotels and Motels,3782
Hotels and Motels,3783
Hotels and Motels,3784
Hotels and Motels,3785
Hotels and Motels,3786
Hotels and Motels,3787
Hotels and Motels,3788
Hotels and Motels,3789
Hotels and Motels,3790
Hotels and Motels,3791
Hotels and Motels,3792
Hotels and Motels,3793
Hotels and Motels,3794
Hotels and Motels,3795
Hotels and Motels,3796
Hotels and Motels,3797
Hotels and Motels,3798
Hotels and Motels,3799
Hotels and Motels,3800
Hotels and Motels,3801
Hotels and Motels,3802
Hotels and Motels,3803
Hotels and Motels,3804
Hotels and Motels,3805
Hotels and Motels,3806
Hotels and Motels,3807
Hotels and Motels,3808
Hotels and Motels,3809
Hotels and Motels,3810
Hotels and Motels,3811
Hotels and Motels,3812
Hotels and Motels,3813
Hotels and Motels,3814
Hotels and Motels,3815
Hotels and Motels,3816
Hotels and Motels,3817
Hotels and Motels,3818
Hotels and Motels,3819
Hotels and Motels,3820
Hotels and Motels,3821
Hotels and Motels,3822
Hotels and Motels,3823
Hotels and Motels,3824
Hotels and Motels,3825
Hotels and Motels,3826
Hotels and Motels,3827
Hotels and Motels,3828
Hotels and Motels,3829
Hotels and Motels,3830
Hotels and Motels,3831
Hotels and Motels,3832
Hotels and Motels,3833
Hotels and Motels,3834
Hotels and Motels,3835
Hotels and Motels,3836
Hotels and Motels,3837
Hotels and Motels,3838
Hotels and Motels,3839
Hotels and Motels,3840
Hotels and Motels,3841
Hotels and Motels,3842
Hotels and Motels,3843
Hotels and Motels,3844
Hotels and Motels,3845
Hotels and Motels,3846
Hotels and Motels,3847
Hotels and Motels,3848
Hotels and Motels,3849
Hotels and Motels,3850
Hotels and Motels,3851
Hotels and Motels,3852
Hotels and Motels,3853
Hotels and Motels,3854
Hotels and Motels,3855
Hotels and Motels,3856
Hotels and Motels,3857
Hotels and Motels,3858
Hotels and Motels,3859
Hotels and Motels,3860
Hotels and Motels,3861
Hotels and Motels,3862
Hotels and Motels,3863
Hotels and Motels,3864
Hotels and Motels,3865
Hotels and Motels,3866
Hotels and Motels,3867
Hotels and Motels,3868
Hotels and Motels,3869
Hotels and Motels,3870
Hotels and Motels,3871
Hotels and Motels,3872
Hotels and Motels,3873
Hotels and Motels,3874
Hotels and Motels,3875
Hotels and Motels,3876
Hotels and Motels,3877
Hotels and Motels,3878
Hotels and Motels,3879
Hotels and Motels,3880
Hotels and Motels,3881
Hotels and Motels,3882
Hotels and Motels,3883
Hotels and Motels,3884
Hotels and Motels,3885
Hotels and Motels,3886
Hotels and Motels,3887
Hotels and Motels,3888
Hotels and Motels,3889
Hotels and Motels,3890
Hotels and Motels,3891
Hotels and Motels,3892
Hotels and Motels,3893
Hotels and Motels,3894
Hotels and Motels,3895
Hotels and Motels,3896
Hotels and Motels,3897
Hotels and Motels,3898
Hotels and Motels,3899
Hotels and Motels,3900
Hotels and Motels,3901
Hotels and Motels,3902
Hotels and Motels,3903
Hotels and Motels,3904
Hotels and Motels,3905
Hotels and Motels,3906
Hotels and Motels,3907
Hotels and Motels,3908
Hotels and Motels,3909
Hotels and Motels,3910
Hotels and Motels,3911
Hotels and Motels,3912
Hotels and Motels,3913
Hotels and Motels,3914
Hotels and Motels,3915
Hotels and Motels,3916
Hotels and Motels,3917
Hotels and Motels,3918
Hotels and Motels,3919
Hotels and Motels,3920
Hotels and Motels,3921
Hotels and Motels,3922
Hotels and Motels,3923
Hotels and Motels,3924
Hotels and Motels,3925
Hotels and Motels,3926
Hotels and Motels,3927
Hotels and Motels,3928
Hotels and Motels,3929
Hotels and Motels,3930
Hotels and Motels,3931
Hotels and Motels,3932
Hotels and Motels,3933
Hotels and Motels,3934
Hotels and Motels,3935
Hotels and Motels,3936
Hotels and Motels,3937
Hotels and Motels,3938
Hotels and Motels,3939
Hotels and Motels,3940
Hotels and Motels,3941
Hotels and Motels,3942
Hotels and Motels,3943
Hotels and Motels,3944
Hotels and Motels,3945
Hotels and Motels,3946
Hotels and Motels,3947
Hotels and Motels,3948
Hotels and Motels,3949
Hotels and Motels,3950
Hotels and Motels,3951
Hotels and Motels,3952
Hotels and Motels,3953
Hotels and Motels,3954
Hotels and Motels,3955
Hotels and Motels,3956
Hotels and Motels,3957
Hotels and Motels,3958
Hotels and Motels,3959
Hotels and Motels,3960
Hotels and Motels,3961
Hotels and Motels,3962
Hotels and Motels,3963
Hotels and Motels,3964
Hotels and Motels,3965
Hotels and Motels,3966
Hotels and Motels,3967
Hotels and Motels,3968
Hotels and Motels,3969
Hotels and Motels,3970
Hotels and Motels,3971
Hotels and Motels,3972
Hotels and Motels,3973
Hotels and Motels,3974
Hotels and Motels,3975
Hotels and Motels,3976
Hotels and Motels,3977
Hotels and Motels,3978
Hotels and Motels,3979
Hotels and Motels,3980
Hotels and Motels,3981
Hotels and Motels,3982
Hotels and Motels,3983
Hotels and Motels,3984
Hotels and Motels,3985
Hotels and Motels,3986
Hotels and Motels,3987
Hotels and Motels,3988
Hotels and Motels,3989
Hotels and Motels,3990
Hotels and Motels,3991
Hotels and Motels,3992
Hotels and Motels,3993
Hotels and Motels,3994
Hotels and Motels,3995
Hotels and Motels,3996
Hotels and Motels,3997
Hotels and Motels,3998
Hotels and Motels,3999
Hotels and Motels,7011
Mail Order/Telephone Order Providers,5960
Mail Order/Telephone Order Providers,5962
Mail Order/Telephone Order Providers,5964
Mail Order/Telephone Order Providers,5965
Mail Order/Telephone Order Providers,5966
Mail Order/Telephone Order Providers,5967
Mail Order/Telephone Order Providers,5968
Mail Order/Telephone Order Providers,5969
Miscellaneous Stores,5712
Miscellaneous Stores,5713
Miscellaneous Stores,5714
Miscellaneous Stores,5718
Miscellaneous Stores,5719
Miscellaneous Stores,5722
Miscellaneous Stores,5732
Miscellaneous Stores,5733
Miscellaneous Stores,5734
Miscellaneous Stores,5735
Miscellaneous Stores,5812
Miscellaneous Stores,5813
Miscellaneous Stores,5814
Miscellaneous Stores,5815
Miscellaneous Stores,5816
Miscellaneous Stores,5817
Miscellaneous Stores,5818
Miscellaneous Stores,5912
Miscellaneous Stores,5921
Miscellaneous Stores,5931
Miscellaneous Stores,5932
Miscellaneous Stores,5933
Miscellaneous Stores,5935
Miscellaneous Stores,5937
Miscellaneous Stores,5940
Miscellaneous Stores,5941
Miscellaneous Stores,5942
Miscellaneous Stores,5943
Miscellaneous Stores,5944
Miscellaneous Stores,5945
Miscellaneous Stores,5946
Miscellaneous Stores,5947
Miscellaneous Stores,5948
Miscellaneous Stores,5949
Miscellaneous Stores,5950
Miscellaneous Stores,5963
Miscellaneous Stores,5970
Miscellaneous Stores,5971
Miscellaneous Stores,5972
Miscellaneous Stores,5973
Miscellaneous Stores,5975
Miscellaneous Stores,5976
Miscellaneous Stores,5977
Miscellaneous Stores,5978
Miscellaneous Stores,5983
Miscellaneous Stores,5992
Miscellaneous Stores,5993
Miscellaneous Stores,5994
Miscellaneous Stores,5995
Miscellaneous Stores,5996
Miscellaneous Stores,5997
Miscellaneous Stores,5998
Miscellaneous Stores,5999
Personal Service Providers,7210
Personal Service Providers,7211
Personal Service Providers,7216
Personal Service Providers,7217
Personal Service Providers,7221
Personal Service Providers,7230
Personal Service Providers,7251
Personal Service Providers,7261
Personal Service Providers,7273
Personal Service Providers,7276
Personal Service Providers,7277
Personal Service Providers,7278
Personal Service Providers,7296
Personal Service Providers,7297
Personal Service Providers,7298
Personal Service Providers,7299
Professional Services and Membership Organizations,8011
Professional Services and Membership Organizations,8021
Professional Services and Membership Organizations,8031
Professional Services and Membership Organizations,8041
Professional Services and Membership Organizations,8042
Professional Services and Membership Organizations,8043
Professional Services and Membership Organizations,8049
Professional Services and Membership Organizations,8050
Professional Services and Membership Organizations,8062
Professional Services and Membership Organizations,8071
Professional Services and Membership Organizations,8099
Professional Services and Membership Organizations,8111
Professional Services and Membership Organizations,8211
Professional Services and Membership Organizations,8220
Professional Services and Membership Organizations,8241
Professional Services and Membership Organizations,8244
Professional Services and Membership Organizations,8249
Professional Services and Membership Organizations,8299
Professional Services and Membership Organizations,8351
Professional Services and Membership Organizations,8398
Professional Services and Membership Organizations,8641
Professional Services and Membership Organizations,8651
Professional Services and Membership Organizations,8661
Professional Services and Membership Organizations,8675
Professional Services and Membership Organizations,8699
Professional Services and Membership Organizations,8734
Professional Services and Membership Organizations,8911
Professional Services and Membership Organizations,8931
Professional Services and Membership Organizations,8999
Repair Services,7531
Repair Services,7534
Repair Services,7535
Repair Services,7538
Repair Services,7542
Repair Services,7549
Repair Services,7622
Repair Services,7623
Repair Services,7629
Repair Services,7631
Repair Services,7641
Repair Services,7692
Repair Services,7699
Retail Stores,5200
Retail Stores,5211
Retail Stores,5231
Retail Stores,5251
Retail Stores,5261
Retail Stores,5271
Retail Stores,5300
Retail Stores,5309
Retail Stores,5310
Retail Stores,5311
Retail Stores,5331
Retail Stores,5399
Retail Stores,5411
Retail Stores,5422
Retail Stores,5441
Retail Stores,5451
Retail Stores,5462
Retail Stores,5499
Service Providers,4829
Service Providers,5811
Service Providers,6010
Service Providers,6011
Service Providers,6012
Service Providers,6050
Service Providers,6051
Service Providers,6211
Service Providers,6300
Service Providers,6513
Service Providers,6532
Service Providers,6533
Service Providers,6536
Service Providers,6537
Service Providers,6538
Service Providers,6540
Service Providers,7012
Service Providers,7032
Service Providers,7033
Transportation,4011
Transportation,4111
Transportation,4112
Transportation,4119
Transportation,4121
Transportation,4131
Transportation,4214
Transportation,4215
Transportation,4225
Transportation,4411
Transportation,4457
Transportation,4468
Transportation,4511
Transportation,4582
Transportation,4722
Transportation,4784
Transportation,4789
Utilities,4812
Utilities,4813
Utilities,4814
Utilities,4816
Utilities,4821
Utilities,4899
Utilities,4900
Wholesale Distributors and Manufacturers,2741
Wholesale Distributors and Manufacturers,2791
Wholesale Distributors and Manufacturers,2842
Wholesale Distributors and Manufacturers,5013
Wholesale Distributors and Manufacturers,5021
Wholesale Distributors and Manufacturers,5039
Wholesale Distributors and Manufacturers,5044
Wholesale Distributors and Manufacturers,5045
Wholesale Distributors and Manufacturers,5046
Wholesale Distributors and Manufacturers,5047
Wholesale Distributors and Manufacturers,5051
Wholesale Distributors and Manufacturers,5065
Wholesale Distributors and Manufacturers,5072
Wholesale Distributors and Manufacturers,5074
Wholesale Distributors and Manufacturers,5085
Wholesale Distributors and Manufacturers,5094
Wholesale Distributors and Manufacturers,5099
Wholesale Distributors and Manufacturers,5111
Wholesale Distributors and Manufacturers,5122
Wholesale Distributors and Manufacturers,5131
Wholesale Distributors and Manufacturers,5137
Wholesale Distributors and Manufacturers,5139
Wholesale Distributors and Manufacturers,5169
Wholesale Distributors and Manufacturers,5172
Wholesale Distributors and Manufacturers,5192
Wholesale Distributors and Manufacturers,5193
Wholesale Distributors and Manufacturers,5198
Wholesale Distributors and Manufacturers,5199
Wholesale Distributors and Manufacturers,7375
Wholesale Distributors and Manufacturers,7379
Wholesale Distributors and Manufacturers,7829
